"","X","Full Name","Team","Salary ($)","Total Minutes","Appearances","Total Possible Minutes","Appearance Weight","xGoals","Offensive Contribution to Team","Defensive Contribution to Team","Total Expected Player Contribution to Team","EPG"
"274",13,"Kemar Lawrence","NYRB",305600,1170,13,1248,0.9375,0.09,0.652903280032843,1,1.54959682503079,2.68080250730327
"407",8,"Florian Jungwirth","SJ",966667.07,1350,15,1440,0.9375,0.09,0.462050240063391,1,1.37067210005943,2.37126273310281
"424",13,"Matt Besler","SKC",1483250,1350,15,1440,0.9375,0.03,0.536902173794055,0.871794871794871,1.32065348023962,2.28473052081454
"185",16,"Kevin Molino","MN",752508,1032,12,1152,0.895833333333333,0.41,1,0.463414634146341,1.3109756097561,2.26798780487805
"467",14,"Kendall Waston","VAN",718125,1080,12,1152,0.9375,0.07,0.462199852128265,0.934782608695652,1.30967105702242,2.26573092864879
"425",8,"Ike Opara","SKC",3e+05,1170,13,1248,0.9375,0.06,0.385534472025641,1,1.29893856752404,2.24716372181659
"386",5,"Cristian Roldan","SEA",252000,1350,15,1440,0.9375,0.08,0.56529785204953,0.818181818181818,1.29701219084189,2.24383109015647
"387",12,"Nicolas Lodeiro","SEA",3114857.14,1350,15,1440,0.9375,0.18,0.996328226463761,0.386363636363636,1.29627362140069,2.24255336502319
"426",1,"Benny Feilhaber","SKC",1200000,1083,13,1248,0.867788461538462,0.13,0.949380257965205,0.538461538461538,1.29113194353378,2.23365826231345
"427",6,"Graham Zusi","SKC",1482102.27,1215,14,1344,0.904017857142857,0.05,0.629205191029797,0.769230769230769,1.26421108014627,2.18708516865305
"444",14,"Justin Morrow","TOR",436666.67,1170,13,1248,0.9375,0.14,0.387603353357778,0.95,1.25400314377292,2.16942543872715
"251",14,"Maximiliano Moralez","NYC",4000000.08,1344,15,1440,0.933333333333333,0.14,0.817152612037321,0.523809523809524,1.25156466012372,2.16520686201404
"252",18,"Rodney Wallace","NYC",440000.16,1082,13,1248,0.86698717948718,0.47,0.797713684233773,0.642857142857143,1.24895643823107,2.16069463813974
"160",24,"Romain Alessandrini","LA",3668801.28,1157,13,1248,0.927083333333333,0.23,0.832827717155212,0.509803921568628,1.24473141506689,2.15338534806572
"208",14,"Ignacio Piatti","MTL",9e+05,888,10,960,0.925,0.33,1,0.333333333333333,1.23333333333333,2.13366666666667
"388",6,"Gustav Svensson","MN",340000.08,1282,15,1440,0.890277777777778,0.06,0.378500198066919,1,1.22724809300124,2.12313920089215
"389",15,"Osvaldo Alonso","SEA",2241667,1247,14,1344,0.927827380952381,0.07,0.425691467930114,0.886363636363636,1.21736065108207,2.10603392637199
"45",12,"Justin Meram","CLB",628750,1300,16,1536,0.846354166666667,0.38,1,0.428571428571428,1.20907738095238,2.09170386904762
"294",22,"Will Johnson","ORL",864000,1241,14,1344,0.923363095238095,0.06,0.541750462064885,0.765957446808511,1.20748922240468,2.08895635476009
"253",13,"Maxime Chanot","NYC",733000,1260,14,1344,0.9375,0.07,0.308886081526526,0.976190476190476,1.20475927285969,2.08423354204726
"254",1,"Alexander Callens","NYC",360000,1350,15,1440,0.9375,0.04,0.282875578244014,1,1.20269585460376,2.08066382846451
"65",13,"Kortne Ford","COL",146992,533,6,576,0.925347222222222,0.07,0.299177468492702,1,1.20219026164342,2.07978915264312
"390",3,"Chad Marshall","SEA",716250,900,10,960,0.9375,0.06,0.281997941586801,1,1.20187307023763,2.07924041151109
"408",2,"Chris Wondolowski","SJ",1600000,1331,15,1440,0.924305555555556,0.27,1,0.285714285714286,1.18839285714286,2.05591964285714
"295",21,"Victor Pagliari Giro","ORL",NA,270,3,288,0.9375,0.02,0.285582051367675,0.978723404255319,1.18528636464656,2.05054541083854
"209",2,"Ambroise Oyongo","MTL",NA,990,11,1056,0.9375,0.04,0.442479040978258,0.82051282051282,1.18405487014789,2.04841492535584
"1",16,"Leandro Gonzalez Pirez","ATL",535016,1119,13,1248,0.896634615384615,0.06,0.295657689285204,1,1.16173153390236,2.00979555365108
"428",4,"Dominic Dwyer","SKC",NA,1018,12,1152,0.883680555555556,0.49,1,0.307692307692308,1.15558226495726,1.99915731837607
"429",5,"Gerso Fernandes","SKC",1141266,1324,15,1440,0.919444444444444,0.26,0.887712246652553,0.358974358974359,1.14625907350697,1.98302819716705
"338",1,"Alvas Powell","POR",238700,1043,12,1152,0.905381944444444,0.02,0.260563461247143,1,1.14129139763956,1.97443411791643
"468",24,"Tim Parker","VAN",180450,1080,12,1152,0.9375,0.13,0.368870315630482,0.847826086956522,1.14065287742532,1.9733294779458
"89",16,"Maynor Figueroa","DAL",663333.33,990,11,1056,0.9375,0.06,0.295782890692559,0.91304347826087,1.13327472089384,1.96056526714634
"90",13,"Matt Hedges","DAL",824992,1075,12,1152,0.933159722222222,0.03,0.211466138439108,1,1.13049140522747,1.95575013104352
"113",24,"Taylor Kemp","DC",240000,1170,13,1248,0.9375,0.01,0.248676657379517,0.955555555555556,1.12896769962663,1.95311412035407
"114",3,"Bobby Boswell","DC",520000,720,8,768,0.9375,0.06,0.202405274825081,1,1.12725494514851,1.95015105510693
"296",4,"Cyle Larin","ORL",342000,1315,15,1440,0.913194444444444,0.51,1,0.234042553191489,1.12692080378251,1.94957299054374
"430",14,"Roger Espinoza","SKC",1700000,1240,14,1344,0.922619047619048,0.05,0.441787322602127,0.769230769230769,1.1173083585363,1.93294346026781
"339",7,"David Guzman","POR",373341.33,1056,13,1248,0.846153846153846,0.11,0.526739862951502,0.789473684210526,1.11371915529095,1.92673413865334
"186",8,"Francisco Calvo","MN",630843.63,1080,12,1152,0.9375,0.08,0.186786259986425,1,1.11261211873727,1.92481896541548
"210",16,"Laurent Ciman","MTL",1291666.67,990,11,1056,0.9375,0.02,0.212399645075335,0.974358974358974,1.11258620571967,1.92477413589502
"23",8,"Dax McCarty","CHI",9e+05,1170,13,1248,0.9375,0.06,0.464495554405657,0.720930232558139,1.11133667527856,1.92261244823191
"340",18,"Roy Miller","POR",3e+05,893,10,960,0.930208333333333,0.03,0.193782637365184,1,1.11046655746574,1.92110714441573
"341",9,"Diego Valeri","POR",4835000,1044,12,1152,0.90625,0.41,0.977204958737132,0.236842105263158,1.10023015175026,1.90339816252795
"24",12,"Johan Kappelhof","CHI",1100000,1091,13,1248,0.874198717948718,0.01,0.245197286291469,1,1.08854987126922,1.88319127729576
"360",8,"David Horst","RSL",225008,180,2,192,0.9375,0.05,0.160665418958961,1,1.08812383027403,1.88245422637407
"187",23,"Vadim Demidov","MN",1105016,270,3,288,0.9375,0.05,0.255919362882575,0.902439024390244,1.08596098806827,1.8787125093581
"66",17,"Micheal Azira","COL",NA,1170,13,1248,0.9375,0,0.253513072277905,0.9,1.08141850526054,1.87085401410073
"211",7,"Chris Duvall","MTL",141750,1053,12,1152,0.9140625,0.06,0.309652410039883,0.871794871794872,1.07991665605208,1.8682558149701
"391",9,"Joevin Jones","SEA",186166.67,1243,14,1344,0.92485119047619,0.05,0.530732120248981,0.636363636363636,1.07938989990289,1.867344526832
"138",2,"Adolfo Machado","HOU",416508,1350,15,1440,0.9375,0.04,0.149725705989207,1,1.07786784936488,1.86471137940125
"275",1,"Aaron Long","NYRB",130000,1346,15,1440,0.934722222222222,0.06,0.171425031163103,0.974358974358974,1.07098977182828,1.85281230526292
"361",2,"Albert Rusnak","RSL",1707812.5,1230,14,1344,0.915178571428571,0.11,0.983839202243354,0.183673469387755,1.06848257894811,1.84847486158024
"115",23,"Steve Birnbaum","DC",NA,900,10,960,0.9375,0.08,0.272516914022747,0.866666666666667,1.06798460689633,1.84761336993064
"255",4,"Ben Sweat","NYC",130008,625,7,672,0.930059523809524,0.05,0.337431267181051,0.809523809523809,1.06673649247104,1.8454541319749
"445",16,"Michael Bradley","TOR",12500000,1260,14,1344,0.9375,0.01,0.335565903189582,0.8,1.06459303424023,1.8417459492356
"91",15,"Maximiliano Urruti","DAL",6e+05,970,11,1056,0.918560606060606,0.41,0.830936543249956,0.326086956521739,1.06279620717665,1.83863743841561
"212",5,"Blerim Dzemaili","MTL",NA,269,3,288,0.934027777777778,0.29,0.696134578914787,0.435897435897436,1.05734934716836,1.82921437060126
"469",17,"Matias Laba","VAN",1610500,965,11,1056,0.913825757575758,0.07,0.394573319877767,0.760869565217391,1.0558734698076,1.82666110276715
"92",24,"Walker Zimmerman","DAL",410000,834,10,960,0.86875,0.03,0.253888553172104,0.956521739130435,1.05154394143783,1.81917101868745
"470",22,"Sheanon Williams","VAN",359000,990,11,1056,0.9375,0,0.292165019792805,0.826086956521739,1.04836122779488,1.81366492408515
"446",8,"Eriq Zavaleta","TOR",236300,1189,14,1344,0.884672619047619,0.02,0.183874792568334,1,1.04734161336589,1.81190099112298
"46",15,"Nicolai Naess","CLB",477500,1249,14,1344,0.929315476190476,0.02,0.12565755242419,1,1.04609098435849,1.80973740294019
"431",16,"Seth Sinovic","SKC",257666.67,1350,15,1440,0.9375,0.02,0.422940633360712,0.692307692307692,1.04554530531413,1.80879337819344
"188",12,"Jerome Thiesson","MN",381166.67,1155,13,1248,0.925480769230769,0.01,0.294794730807304,0.829268292682927,1.0402987116436,1.79971677114343
"161",5,"Bradley Diallo","LA",130008,596,7,672,0.886904761904762,0.04,0.172488268551829,1,1.03988542865609,1.79900179157503
"276",15,"Michael Amir Murillo","NYRB",NA,360,4,384,0.9375,0.03,0.210961611419607,0.897435897435897,1.03912266455204,1.79768220967502
"447",17,"Nick Hagglund","TOR",209641,989,12,1152,0.858506944444444,0.09,0.20838435015195,1,1.03740635616344,1.79471299616274
"256",5,"David Villa","NYC",11220000,1189,14,1344,0.884672619047619,0.45,1,0.166666666666667,1.03211805555556,1.78556423611111
"231",16,"Lee Nguyen","NE",1e+06,1229,15,1440,0.853472222222222,0.41,1,0.204081632653061,1.02765022675737,1.77783489229025
"2",22,"Yamil Asad","ATL",3e+05,956,11,1056,0.90530303030303,0.12,0.682057384769801,0.452380952380952,1.02701046431451,1.7767281032641
"392",4,"Clint Dempsey","SEA",7092933.5,996,12,1152,0.864583333333333,0.6,1,0.181818181818182,1.0217803030303,1.76767992424242
"67",10,"Jared Watts","COL",150000,805,9,864,0.931712962962963,0,0.27097360918037,0.825,1.02113281873865,1.76655977641787
"116",13,"Lloyd Sam","DC",490000,1058,13,1248,0.84775641025641,0.08,0.75980105549244,0.444444444444444,1.02090684209393,1.7661688368225
"277",4,"Bradley Wright-Phillips","NYRB",3135000,1244,15,1440,0.863888888888889,0.48,1,0.179487179487179,1.01894586894587,1.76277635327635
"297",12,"Leo Pereira",NA,NA,270,3,288,0.9375,NA,0.0840419528574552,1,1.01628933080386,1.75818054229069
"68",2,"Axel Sjoberg","COL",231700,270,3,288,0.9375,0.04,0.206891829418326,0.875,1.01427359007968,1.75469331083785
"362",5,"Chris Schuler","RSL",260000,1069,12,1152,0.927951388888889,0.04,0.151527766766632,0.938775510204082,1.01174844017508,1.75032480150289
"117",14,"Luciano Acosta","DC",1102000,774,11,1056,0.732954545454545,0.23,1,0.377777777777778,1.00984848484848,1.74703787878788
"448",7,"Drew Moor","TOR",508500,691,8,768,0.899739583333333,0.04,0.171314872273783,0.95,1.00889137596508,1.74538208041959
"471",10,"Fredy Montero","VAN",3200000.08,975,13,1248,0.78125,0.59,1,0.282608695652174,1.00203804347826,1.73352581521739
"342",21,"Vytautas Andriuskevicius","POR",466875,720,8,768,0.9375,0.02,0.251347569304974,0.815789473684211,1.00044097780236,1.73076289159808
"162",8,"Daniel Steres","LA",217062.6,1033,12,1152,0.896701388888889,0.15,0.272536598255332,0.843137254901961,1.00042629367316,1.73073748805457
"363",9,"Demar Phillips","RSL",317841.33,755,9,864,0.873842592592593,0.01,0.246838088411499,0.897959183673469,1.00037261623166,1.73064462608076
"257",2,"Alexander Ring","NYC",716666.83,1254,14,1344,0.933035714285714,0.06,0.257905251032014,0.809523809523809,0.995949435965031,1.7229925242195
"118",8,"Jared Jeffrey","DC",220000,1000,13,1248,0.801282051282051,0.06,0.307048301862705,0.933333333333334,0.993895541022467,1.71943928596887
"343",17,"Marco Farfan","POR",106000,355,4,384,0.924479166666667,0,0.150732926743769,0.921052631578947,0.990843419803553,1.71415911626015
"432",9,"Ilie Sanchez","SKC",605000,1350,15,1440,0.9375,0.03,0.337634890356693,0.717948717948718,0.989609632786323,1.71202466472034
"232",15,"Kelyn Rowe","NE",395000,1265,15,1440,0.878472222222222,0.1,0.450378792536592,0.673469387755102,0.987269408381245,1.70797607649955
"25",3,"Brandon Vincent","CHI",214375,1260,14,1344,0.9375,0.03,0.306352874602502,0.744186046511628,0.984880238544496,1.70384281268198
"26",11,"Joao Meira","CHI",315000,1260,14,1344,0.9375,0.01,0.165263998504074,0.883720930232558,0.983423370690592,1.70132243129473
"27",22,"Nemanja Nikolic","CHI",3606333.41,1209,14,1344,0.899553571428571,0.58,1,0.0930232558139535,0.983232973421927,1.70099304401993
"344",10,"Fanendo Adi","POR",2926258,1163,13,1248,0.931891025641026,0.5,0.706252972137219,0.342105263157895,0.97695563112838,1.6901332418521
"449",13,"Jozy Altidore","TOR",9750000,1036,13,1248,0.830128205128205,0.6,1,0.175,0.975400641025641,1.68744310897436
"472",7,"Cristian Techera","VAN",729000,932,12,1152,0.809027777777778,0.28,0.854942834133235,0.347826086956522,0.973073467409421,1.6834170986183
"28",13,"John Goossens","CHI",463333.33,90,1,96,0.9375,0.07,0.312372085724939,0.720930232558139,0.968720923390386,1.67588719746537
"316",8,"Fabinho",NA,NA,1170,13,1248,0.9375,NA,0.0326893187860436,1,0.968146236361916,1.67489298890611
"233",17,"London Woodberry",NA,138600,90,1,96,0.9375,NA,0.03211739367211,1,0.967610056567603,1.67396539786195
"409",17,"Victor Bernardez","SJ",491600,1059,12,1152,0.919270833333333,0.04,0.195378994462988,0.857142857142857,0.967552639627248,1.67386606655514
"234",2,"Antonio Mlinar Delamea","NE",NA,1350,15,1440,0.9375,0.01,0.214894595080286,0.816326530612245,0.966769805336747,1.67251176323257
"278",6,"Damien Perrinelle","NYRB",350016,938,12,1152,0.814236111111111,0.04,0.236056429256861,0.948717948717949,0.964686082066294,1.66890692197469
"3",7,"Greg Garza","ATL",3e+05,1080,12,1152,0.9375,0.02,0.361196661679927,0.666666666666667,0.963621870324931,1.66706583566213
"69",12,"Kevin Doyle","COL",2045000,904,12,1152,0.784722222222222,0.35,1,0.225,0.961284722222222,1.66302256944444
"119",17,"Nick DeLeon","DC",510000,498,6,576,0.864583333333333,0.05,0.289218493285249,0.822222222222222,0.960933118615835,1.66241429520539
"258",19,"Ronald Matarrita","NYC",375000,561,7,672,0.834821428571429,0.01,0.36449400556589,0.785714285714286,0.960218528881218,1.66117805496451
"345",22,"Zarek Valentin","POR",220000,393,5,480,0.81875,0,0.30085028793486,0.868421052631579,0.957340910088772,1.65619977445358
"70",20,"Sam Cronin","MN",606250,262,3,288,0.909722222222222,0.02,0.275433069084946,0.775,0.955602305903666,1.65319198921334
"364",7,"Danilo Acosta","RSL",131250,341,4,384,0.888020833333333,0,0.236556535948781,0.836734693877551,0.953104972319737,1.64887160211315
"279",20,"Tyler Adams","NYRB",166041.67,615,7,672,0.915178571428571,0.05,0.24115614443223,0.794871794871795,0.948150569452344,1.64030048515255
"298",5,"Donny Toia","ORL",141750,1080,12,1152,0.9375,0.02,0.23885620555609,0.765957446808511,0.942012799091813,1.62968214242884
"317",18,"Oguchi Onyewu","PHI",130008,939,11,1056,0.889204545454545,0.11,0.182117485395617,0.875,0.939993673093261,1.62618905445134
"29",2,"Bastian Schweinsteiger","CHI",10800000,970,11,1056,0.918560606060606,0.1,0.440041885254809,0.581395348837209,0.938252004800434,1.62317596830475
"318",2,"Alejandro Bedoya","PHI",2328250,1170,13,1248,0.9375,0.15,0.250419931712705,0.75,0.937893685980661,1.62255607674654
"120",11,"Kofi Opare","DC",225000,594,8,768,0.7734375,0.1,0.211419749674533,1,0.936957462638897,1.62093641036529
"346",8,"Diego Chara","POR",1022000,1098,13,1248,0.879807692307692,0.08,0.273992429707845,0.789473684210526,0.935645667533952,1.61866700483374
"71",9,"Eric Miller","COL",162107.5,1036,12,1152,0.899305555555556,0,0.214901564570289,0.825,0.935189254248975,1.61787740985073
"365",1,"Aaron Maund","RSL",339437.5,722,9,864,0.835648148148148,0.08,0.239065768009814,0.877551020408163,0.933098751432615,1.61426083997842
"366",15,"Kyle Beckerman","RSL",1575000,926,11,1056,0.876893939393939,0.05,0.422992744518028,0.63265306122449,0.925689409202246,1.60144267791989
"259",6,"Ethan White","NYC",130000,1066,13,1248,0.854166666666667,0.01,0.289657924270941,0.785714285714286,0.918547096029048,1.58908647613025
"30",20,"Michael Harrington","CHI",270000,708,8,768,0.921875,0,0.182246873694412,0.813953488372093,0.918372208780059,1.5887839211895
"213",17,"Marco Donadel","MTL",736650.67,640,8,768,0.833333333333333,0.02,0.358211845663241,0.743589743589744,0.918167991044154,1.58843062450639
"47",9,"Jonathan Mensah","CLB",1594000,887,11,1056,0.839962121212121,0.06,0.148534033856993,0.942857142857143,0.916727247864998,1.58593813880645
"4",18,"Michael Parkhurst","ATL",650016,1158,13,1248,0.927884615384615,0,0.178428873912156,0.80952380952381,0.91670609568818,1.58590154554055
"347",16,"Liam Ridgewell","POR",1230000,720,8,768,0.9375,0.06,0.238780498374576,0.736842105263158,0.914646190910375,1.58233791027495
"48",19,"Wil Trapp","CLB",650000,1415,16,1536,0.921223958333333,0.01,0.277956473149551,0.714285714285714,0.914077275534441,1.58135368667458
"5",19,"Miguel Almiron","ATL",4209500,1086,13,1248,0.870192307692308,0.27,0.833338446882473,0.214285714285714,0.911634486401163,1.57712766147401
"280",17,"Sacha Kljestan","NYRB",1437500,1195,14,1344,0.889136904761905,0.08,0.742460392910704,0.282051282051282,0.910931139568135,1.57591087145287
"299",9,"Jonathan Spector","ORL",1161929.5,1170,13,1248,0.9375,0.01,0.161873513948513,0.808510638297872,0.909735142730986,1.57384179692461
"139",10,"Erick Torres","HOU",1315000,1081,14,1344,0.804315476190476,0.71,1,0.130434782608696,0.90922619047619,1.57296130952381
"300",17,"Scott Sutter","ORL",480000,1054,13,1248,0.844551282051282,0.02,0.435593152134834,0.638297872340426,0.906956041503945,1.56903395180182
"319",13,"Jack Elliott","PHI",106008,855,10,960,0.890625,0.04,0.118124098611448,0.9,0.906766775325821,1.56870652131367
"433",10,"Jimmy Medranda","SKC",260016,1096,15,1440,0.761111111111111,0.16,0.601606769112795,0.58974358974359,0.906749995351804,1.56867749195862
"434",11,"Kevin Ellis","SKC",288341.33,180,2,192,0.9375,0.01,0.218202867345965,0.743589743589743,0.901680572752226,1.55990739086135
"260",8,"Jack Harrison","NYC",295500,1217,15,1440,0.845138888888889,0.31,0.68499019273824,0.380952380952381,0.900869522348254,1.55850427366248
"121",21,"Sean Franklin","DC",542512,671,9,864,0.77662037037037,0.02,0.33153913476327,0.822222222222222,0.896034572381094,1.55013981021929
"49",18,"Waylon Francis","CLB",479375,557,7,672,0.828869047619048,0.1,0.218020320105371,0.857142857142857,0.891169478760808,1.5417231982562
"72",15,"Marlon Hairston","COL",220008,964,13,1248,0.772435897435897,0.05,0.571214870368899,0.575,0.885377512047771,1.53170309584264
"93",1,"Aaron Guillen","DAL",108150,269,3,288,0.934027777777778,0.03,0.182030055827341,0.760869565217391,0.88069443771192,1.52360137724162
"163",2,"Ashley Cole","LA",727625,885,10,960,0.921875,0,0.187983865221437,0.764705882352941,0.87826086104513,1.51939128960808
"164",16,"Jelle Van Damme","LA",1262500,967,12,1152,0.839409722222222,0.03,0.163191850423121,0.882352941176471,0.877640463087504,1.51831800114138
"473",6,"Christian Dean",NA,323000,239,3,288,0.829861111111111,NA,0.0542775039302144,1,0.874903900830977,1.51358374843759
"410",12,"Nick Lima","SJ",166212.03,1044,13,1248,0.836538461538462,0.07,0.281521766226873,0.761904761904762,0.872866422571656,1.51005891104896
"235",12,"Joshua Smith","NE",106008,450,5,480,0.9375,0.06,0.132762784826516,0.795918367346939,0.870638580162614,1.50620474368132
"367",3,"Brooks Lennon","RSL",106008,720,8,768,0.9375,0.09,0.456694618010014,0.469387755102041,0.868202224792551,1.50198984889111
"189",4,"Brent Kallman","MN",133299.67,1056,12,1152,0.916666666666667,0.08,0.237152202780135,0.707317073170732,0.865763502954961,1.49777086011208
"31",6,"David Accam","CHI",1570937.5,1016,14,1344,0.755952380952381,0.33,0.885482005666605,0.255813953488372,0.862765397694536,1.49258413801155
"190",17,"Kevin Venegas","MN",173333.33,90,1,96,0.9375,0,0.25874832454342,0.658536585365853,0.859954603039944,1.4877214632591
"281",7,"Daniel Royer","NYRB",9e+05,1126,15,1440,0.781944444444444,0.37,0.843116129436141,0.256410256410256,0.859768548932669,1.48739958965352
"94",7,"Hernan Grana","DAL",425500.08,893,10,960,0.930208333333333,0.01,0.337289423836323,0.58695652173913,0.859741280623833,1.48735241547923
"320",20,"Richie Marquez","PHI",NA,727,9,864,0.841435185185185,0.05,0.146536862307867,0.875,0.859557058909513,1.48703371191346
"236",8,"Diego Fagundez","NE",340000,1226,15,1440,0.851388888888889,0.34,0.721396582720055,0.285714285714286,0.857443003264237,1.48337639564713
"368",17,"Luke Mulholland","RSL",345000,997,14,1344,0.741815476190476,0.13,0.495939822523637,0.653061224489796,0.852346758833626,1.47455989278217
"73",22,"Shkelzen Gashi","COL",3243750,608,9,864,0.703703703703704,0.29,0.949862902245336,0.25,0.844347968246718,1.46072198506682
"165",17,"Jermaine Jones","LA",1322500.2,673,8,768,0.876302083333333,0.19,0.412127583710729,0.549019607843137,0.842255286348635,1.45710164538314
"191",18,"Marc Burch","MN",270000,783,9,864,0.90625,0,0.242260894190996,0.682926829268293,0.838451374384981,1.45052087768602
"50",6,"Federico Higuain","CLB",2100000,1290,15,1440,0.895833333333333,0.27,0.792261726618647,0.142857142857143,0.837710653905396,1.44923943125633
"237",3,"Benjamin Angoua","NE",1254333.33,810,9,864,0.9375,0.04,0.178283554162441,0.714285714285714,0.836783689170146,1.44763578226435
"140",8,"Dylan Remick","HOU",132300,513,6,576,0.890625,0.02,0.242169323954361,0.695652173913043,0.835247271538157,1.44497777976101
"474",12,"Jordan Harvey","VAN",360000,1080,12,1152,0.9375,0.04,0.213255076746858,0.673913043478261,0.831720112711049,1.43887579499012
"51",17,"Ola Kamara","CLB",932500,1281,16,1536,0.833984375,0.52,0.795811303918881,0.2,0.830491067916723,1.43674954749593
"321",11,"Haris Medunjanin","PHI",965016,1260,14,1344,0.9375,0.04,0.426405828014691,0.45,0.821630463763773,1.42142070231133
"141",16,"Leonardo",NA,NA,1068,12,1152,0.927083333333333,NA,0.035929504422582,0.847826086956522,0.819315079507711,1.41741508754834
"301",10,"Jose Aja","ORL",432000,673,8,768,0.876302083333333,0.01,0.16657855665962,0.765957446808511,0.817183242622464,1.41372700973686
"74",8,"Dominique Badji","COL",130000,893,13,1248,0.715544871794872,0.31,0.839564758798337,0.3,0.81540971923631,1.41065881427882
"166",11,"Giovani dos Santos","LA",NA,1033,12,1152,0.896701388888889,0.43,0.732618948462721,0.176470588235294,0.815181850181467,1.41026460081394
"411",1,"Anibal Godoy","SJ",486234,1054,13,1248,0.844551282051282,0.07,0.390806560145057,0.571428571428571,0.812656914005292,1.40589646122916
"192",5,"Christian Ramirez","MN",742508.4,1172,14,1344,0.87202380952381,0.51,0.878397225839676,0.048780487804878,0.8085210419579,1.39874140258717
"142",14,"Juan Cabezas","HOU",NA,920,11,1056,0.871212121212121,0.04,0.186849967103739,0.739130434782609,0.806725350128257,1.39563485572189
"369",6,"Chris Wingert","RSL",279398,1151,13,1248,0.922275641025641,0.06,0.239895085349946,0.63265306122449,0.804729901207673,1.39218272908927
"370",11,"Joao Plata","RSL",750000.08,873,12,1152,0.7578125,0.43,1,0.0612244897959184,0.804209183673469,1.3912818877551
"6",21,"Tyrone Mears","ATL",367512,1080,12,1152,0.9375,0,0.213459503975985,0.642857142857143,0.802796856406057,1.38883856158248
"95",12,"Kellyn Acosta","DAL",540000,924,11,1056,0.875,0.18,0.545360294129849,0.369565217391304,0.800559822581009,1.38496849306515
"393",19,"Tony Alfaro",NA,108150,550,7,672,0.818452380952381,NA,0.0455303525168068,0.931818181818182,0.799913234946791,1.38384989645795
"7",12,"Josef Martinez","ATL",1965310,262,3,288,0.909722222222222,0.79,0.831273590672076,0.0476190476190476,0.799548164000952,1.38321832372165
"96",4,"Carlos Gruezo","DAL",1226500,1125,13,1248,0.901442307692308,0.03,0.249338693797939,0.630434782608696,0.793065032818481,1.37200250677597
"32",19,"Matt Polster","CHI",214800,379,5,480,0.789583333333333,0.03,0.283164478364643,0.720930232558139,0.79281644883278,1.37157245648071
"348",15,"Lawrence Olum","POR",3e+05,1002,12,1152,0.869791666666667,0.04,0.195787787460802,0.710526315789474,0.788304454389563,1.36376670609394
"371",14,"Justin Schmidt","RSL",106008,676,9,864,0.782407407407407,0.03,0.137991911009745,0.857142857142857,0.778600813971249,1.34697940817026
"475",5,"Christian Bolanos","VAN",503500,853,11,1056,0.807765151515151,0.25,0.743524154393266,0.217391304347826,0.77619402112325,1.34281565654322
"450",19,"Sebastian Giovinco","TOR",12715555.67,806,10,960,0.839583333333333,0.51,0.822518610386588,0.1,0.774531249970406,1.3399390624488
"238",1,"Andrew Farrell","NE",446200,1233,14,1344,0.917410714285714,0,0.169608351945648,0.673469387755102,0.773448551377251,1.33806599388264
"52",8,"Hector Jimenez","CLB",3e+05,422,6,576,0.732638888888889,0.01,0.194223076035526,0.857142857142857,0.770271569099441,1.33256981454203
"53",7,"Harrison Afful","CLB",576666.67,877,11,1056,0.830492424242424,0.05,0.26882152501477,0.657142857142857,0.769006404500226,1.33038107978539
"239",13,"Juan Agudelo","NE",977500,884,13,1248,0.708333333333333,0.39,0.738223942606832,0.346938775510204,0.7686569253329,1.32977648082592
"349",5,"Darlington Nagbe","POR",1115000,881,10,960,0.917708333333333,0.11,0.41337262332324,0.421052631578947,0.765759009967528,1.32476308724382
"122",19,"Patrick Nyarko","DC",485750,508,7,672,0.755952380952381,0.13,0.340039448379616,0.666666666666667,0.761021884588559,1.31656786033821
"123",6,"Ian Harkes","DC",213237.5,996,12,1152,0.864583333333333,0.09,0.322952827431009,0.555555555555556,0.7595437061238,1.31401061159417
"412",13,"Shaun Francis","SJ",238333.33,691,8,768,0.899739583333333,0.05,0.196904718316667,0.642857142857143,0.755566987071748,1.30713088763412
"167",25,"Sebastian Lletget","LA",472666.67,270,3,288,0.9375,0.02,0.197355876484792,0.607843137254902,0.754874075380963,1.30593215040907
"322",4,"C.J. Sapong","PHI",NA,1111,14,1344,0.826636904761905,0.52,0.657488388297266,0.25,0.750163392409422,1.2977826688683
"143",1,"A.J. DeLaGarza","HOU",NA,1080,12,1152,0.9375,0.01,0.189853654605103,0.608695652173913,0.748639975105327,1.29514715693222
"451",20,"Steven Beitashour","TOR",514000,1072,12,1152,0.930555555555556,0.01,0.202565449557277,0.6,0.746831737782466,1.29201890636367
"476",3,"Ben McKendry","VAN",130000,90,1,96,0.9375,0,0.187144789982011,0.608695652173913,0.746100414521179,1.29075371712164
"75",16,"Mekeil Williams","COL",225000,542,7,672,0.806547619047619,0,0.27476457406883,0.65,0.7458666653948,1.290349331133
"323",16,"Keegan Rosenberry","PHI",214812.5,596,8,768,0.776041666666667,0.01,0.109186349155,0.85,0.744368573042161,1.28775763136294
"168",18,"Joao Pedro","LA",261000,1137,13,1248,0.911057692307692,0.04,0.186933672346136,0.627450980392157,0.74195140237455,1.28357592610797
"214",13,"Hernan Bernardello","MTL",576000,826,11,1056,0.78219696969697,0.02,0.281063616638715,0.666666666666667,0.74131175569152,1.28246933734633
"477",2,"Andrew Jacobson","VAN",325000,783,10,960,0.815625,0.08,0.513636715653077,0.391304347826087,0.738092554900193,1.27690011997733
"282",3,"Aurelien Collin","NYRB",9e+05,325,5,480,0.677083333333333,0.14,0.20507570846887,0.871794871794872,0.729131122053575,1.26139684115269
"372",25,"Tony Beltran","RSL",NA,532,6,576,0.923611111111111,0,0.187095749905482,0.591836734693878,0.719430697581352,1.24461510681574
"240",14,"Kei Kamara","NE",1600000,985,13,1248,0.78926282051282,0.36,0.664304620092836,0.244897959183674,0.717599792137309,1.24144764039754
"8",9,"Hector Villalba","ATL",1433750,1078,13,1248,0.863782051282051,0.32,0.681125374169567,0.142857142857143,0.711741308777879,1.23131246418573
"241",20,"Xavier Kouassi","NE",1730541.75,924,12,1152,0.802083333333333,0.04,0.191799928709786,0.693877551020408,0.71038714520026,1.22896976119645
"124",15,"Marcelo Sarvas","DC",785000,693,11,1056,0.65625,0.11,0.293393673373733,0.777777777777778,0.702956264818179,1.21611433813545
"215",15,"Kyle Fisher","MTL",106008,506,7,672,0.75297619047619,0.06,0.23984387166966,0.692307692307692,0.70188793359009,1.21426612511086
"216",12,"Hassoun Camara","MTL",510000,377,6,576,0.654513888888889,0.03,0.165312711584363,0.897435897435897,0.695583725001108,1.20335984425192
"76",19,"Mohammed Saeid","COL",330000,688,9,864,0.796296296296296,0.05,0.421667035090739,0.45,0.694105231646329,1.20080205074815
"9",11,"Jeff Larentowicz","ATL",350016,885,12,1152,0.768229166666667,0.03,0.161700767093366,0.738095238095238,0.691249535236037,1.19586169595834
"283",9,"Felipe",NA,NA,1341,15,1440,0.93125,NA,0.0734891170400665,0.666666666666667,0.689270073576895,1.19243722728803
"324",19,"Raymon Gaddis","PHI",332500,664,8,768,0.864583333333333,0.02,0.118577108287374,0.675,0.686113541540126,1.18697642686442
"125",16,"Maxim Tissot",NA,130000,90,1,96,0.9375,NA,0.0516861891604461,0.666666666666667,0.673455802337918,1.1650785380446
"284",18,"Sal Zizzo","NYRB",220000,708,10,960,0.7375,0,0.284567851425884,0.615384615384615,0.663714944272744,1.14822685359185
"10",5,"Carlos Carmona","ATL",1400000,988,12,1152,0.857638888888889,0.03,0.224849719894675,0.547619047619048,0.662499255471838,1.14612371196628
"193",22,"Sam Cronin","MN",606250,707,8,768,0.920572916666667,0.02,0.253421495018328,0.463414634146341,0.659899926197163,1.14162687232109
"452",23,"Victor Vazquez","TOR",1330000,942,14,1344,0.700892857142857,0.18,0.73774528458612,0.2,0.657258971785808,1.13705802118945
"453",15,"Marco Delgado","TOR",420000,579,8,768,0.75390625,0.03,0.190626235009255,0.675,0.652601028737446,1.12899977971578
"217",22,"Victor Cabrera","MTL",520000,276,5,480,0.575,0.02,0.133133824732013,1,0.651551949220907,1.12718487215217
"218",21,"Patrice Bernier","MTL",330000,844,12,1152,0.732638888888889,0.04,0.443232825962813,0.435897435897436,0.644085018237891,1.11426708155155
"413",3,"Cordell Cato","SJ",275666.67,786,10,960,0.81875,0.05,0.238217533501325,0.547619047619047,0.643403700792305,1.11308840237069
"54",11,"Jukka Raitala","CLB",286674.67,914,12,1152,0.793402777777778,0.02,0.18088619331274,0.628571428571429,0.642225925696293,1.11105085145459
"394",10,"Jordan Morris","SEA",462500,1085,13,1248,0.869391025641026,0.31,0.599046980572926,0.136363636363636,0.639359390525777,1.10609174560959
"33",17,"Luis Solignac","CHI",603312.34,820,13,1248,0.657051282051282,0.21,0.540989293478211,0.418604651162791,0.630502431575017,1.09076920662478
"285",12,"Justin Bilyeu","NYRB",108150,90,1,96,0.9375,0.02,0.228438869628841,0.435897435897436,0.622815286430885,1.07747044552543
"325",10,"Giliano Wijnaldum","PHI",143341.33,90,1,96,0.9375,0,0.164101639701294,0.5,0.622595287219964,1.07708984689054
"350",19,"Sebastian Blanco","POR",2075016,1130,14,1344,0.84077380952381,0.13,0.396572910763267,0.342105263157895,0.621061262299786,1.07443598377863
"302",19,"Tommy Redding",NA,227500,587,7,672,0.873511904761905,NA,0.0498223426000085,0.659574468085106,0.619666559333575,1.07202314764708
"478",11,"Jakob Nerwinski",NA,NA,180,2,192,0.9375,NA,0.0443962147531754,0.608695652173913,0.612273625244145,1.05923337167237
"169",21,"Nathan Smith","LA",106008,464,6,576,0.805555555555556,0,0.152010208483343,0.607843137254902,0.61210408406692,1.05894006543577
"77",14,"Marc Burch","MN",270000,270,3,288,0.9375,0,0.302549509673377,0.35,0.611765165318791,1.05835373600151
"126",7,"Jalen Robinson",NA,139992,90,1,96,0.9375,NA,0.051678799718711,0.6,0.610948874736292,1.05694155329378
"414",5,"Darwin Ceren","SJ",449375,879,12,1152,0.763020833333333,0.06,0.199523189174964,0.595238095238095,0.606419417533923,1.04910559233369
"194",9,"Ibson",NA,NA,890,11,1056,0.84280303030303,NA,0.0815982411999936,0.634146341463415,0.603231703191698,1.04359084652164
"415",9,"Jahmir Hyka","SJ",990008,1007,15,1440,0.699305555555556,0.29,0.695514901029597,0.166666666666667,0.602928360187596,1.04306606312454
"416",7,"Fatai Alashe","SJ",212600,889,12,1152,0.771701388888889,0.05,0.159649377992949,0.619047619047619,0.600921554139813,1.03959428866188
"326",5,"Chris Pontius","PHI",831000,1105,14,1344,0.822172619047619,0.12,0.453740878998518,0.275,0.599150797093276,1.03653087897137
"373",10,"Jefferson Savarino","RSL",NA,328,5,480,0.683333333333333,0.23,0.788115089486426,0.0816326530612245,0.594327624074227,1.02818678964841
"97",19,"Roland Lamah","DAL",1403500,879,13,1248,0.704326923076923,0.29,0.603236347400222,0.239130434782609,0.593301603797042,1.02641177456888
"78",6,"Dillon Powers","COL",620000,847,12,1152,0.735243055555556,0.01,0.229274318750138,0.575,0.591337107622714,1.0230131961873
"79",4,"Bobby Burling","COL",246000,641,9,864,0.741898148148148,0.02,0.120032696266621,0.675,0.589833285077436,1.02041158318396
"454",18,"Raheem Edwards","TOR",106008,731,12,1152,0.634548611111111,0.11,0.375290154610802,0.55,0.58714158248307,1.01575493769571
"374",26,"Yura Movsisyan","RSL",3723750,1057,16,1536,0.688151041666667,0.38,0.770229653318547,0.0816326530612245,0.586209933491809,1.01414318494083
"303",14,"Matias Perez Garcia","ORL",NA,785,12,1152,0.681423611111111,0.11,0.366922072077708,0.48936170212766,0.583491981554873,1.00944112808993
"455",5,"Chris Mavinga","TOR",565699.6,555,9,864,0.642361111111111,0.02,0.158098409031333,0.75,0.583327103023599,1.00915588823083
"11",13,"Julian Gressel","ATL",168750,933,13,1248,0.747596153846154,0.1,0.490981741674373,0.285714285714286,0.580654962783348,1.00453308561519
"195",20,"Mohammed Saeid","COL",330000,243,3,288,0.84375,0.05,0.393273403661785,0.292682926829268,0.578775653851826,1.00128188116366
"261",3,"Andrea Pirlo","NYC",11515690,616,8,768,0.802083333333333,0.03,0.289228194396594,0.428571428571428,0.575735114255602,0.996021747662191
"170",10,"Emmanuel Boateng","LA",230000,842,13,1248,0.674679487179487,0.16,0.376392183303411,0.470588235294118,0.571440314470448,0.988591744033875
"34",21,"Michael de Leeuw","CHI",NA,855,13,1248,0.685096153846154,0.18,0.426582250430095,0.395348837209302,0.563101826868337,0.974166160482224
"196",13,"Johan Venegas","MN",442500,825,12,1152,0.716145833333333,0.24,0.686693881683781,0.0975609756097561,0.561640848322195,0.971638667597397
"144",7,"DaMarcus Beasley","HOU",667016,913,11,1056,0.864583333333333,0,0.164413797047242,0.478260869565217,0.555645805508689,0.961267243530032
"55",4,"Connor Maloney","CLB",106008,45,1,96,0.46875,0,0.746988154447345,0.428571428571428,0.55104355454005,0.953305349354286
"262",23,"Yangel Herrera","NYC",247114.08,241,5,480,0.502083333333333,0.17,0.402877856588067,0.69047619047619,0.548954844463513,0.949691880921877
"286",5,"Connor Lade","NYRB",177812.5,466,7,672,0.693452380952381,0.02,0.150243024695654,0.641025641025641,0.548707140217446,0.949263352576181
"12",17,"Mark Bloom",NA,205798.89,163,2,192,0.848958333333333,NA,0.0407252815611944,0.595238095238095,0.539906408428564,0.934038086581415
"145",20,"Romell Quioto","HOU",412508,572,10,960,0.595833333333333,0.32,0.681647126538704,0.217391304347826,0.535677065069891,0.926721322570911
"127",4,"Chris Korb",NA,NA,301,4,384,0.783854166666667,NA,0.0333125886008033,0.644444444444445,0.531262674340155,0.919084426608469
"146",11,"Jalil Anibaba","HOU",220008,282,4,384,0.734375,0.01,0.111087537339229,0.608695652173913,0.528590779798713,0.914462049051774
"56",2,"Alex Crognale","CLB",169992,628,11,1056,0.59469696969697,0.07,0.13698201297338,0.742857142857143,0.523237679793152,0.905201186042153
"147",19,"Ricardo Clark","HOU",707820,980,13,1248,0.78525641025641,0.03,0.134944592522749,0.521739130434782,0.515665102963446,0.892100628126761
"395",7,"Harry Shipp","SEA",NA,719,12,1152,0.624131944444444,0.16,0.393854064449561,0.431818181818182,0.515328424536899,0.891518174448834
"148",3,"Alberth Elis","HOU",846000,836,13,1248,0.669871794871795,0.48,0.745217606558108,0.0217391304347826,0.513762685998442,0.888809446777305
"304",2,"Carlos Rivas","ORL",750000,1090,15,1440,0.756944444444444,0.17,0.614433918580788,0.0638297872340426,0.513407943984837,0.888195743093767
"375",24,"Sunny",NA,NA,795,11,1056,0.752840909090909,NA,0.0490289080376092,0.63265306122449,0.51319807345016,0.887832667068776
"197",6,"Collen Warner","MN",460008,728,11,1056,0.689393939393939,0.02,0.17486143876916,0.560975609756098,0.507281601634837,0.877597170828268
"128",12,"Lamar Neagle","DC",402833.33,757,14,1344,0.563244047619048,0.27,0.496852108996231,0.4,0.505146611986716,0.873903638737019
"35",16,"Juninho",NA,NA,654,9,864,0.756944444444444,NA,0.0604655343310945,0.604651162790698,0.503456388793579,0.870979552612891
"57",10,"Josh Williams","CLB",220008,479,7,672,0.712797619047619,0,0.0766275070786805,0.628571428571429,0.502664122286313,0.869608931555321
"171",9,"Dave Romney","LA",NA,495,9,864,0.572916666666667,0.16,0.303681928151532,0.568627450980392,0.499760581794332,0.864585806504194
"242",10,"Gershon Koffie","NE",NA,281,4,384,0.731770833333333,0.05,0.172338061344362,0.510204081632653,0.49946443275141,0.864073468659939
"219",4,"Ballou Jean-Yves Tabla","MTL",148999.8,646,10,960,0.672916666666667,0.15,0.477753576146328,0.256410256410256,0.494031078991202,0.854673766654779
"98",23,"Walker Hume",NA,106008,90,1,96,0.9375,NA,0.0655104952730656,0.456521739130435,0.489405219753282,0.846671030173177
"243",18,"Scott Caldwell","NE",240000,1039,15,1440,0.721527777777778,0.06,0.228969120496635,0.448979591836735,0.489158827857202,0.846244772192959
"80",18,"Mike da Fonte",NA,NA,225,3,288,0.78125,NA,0,0.625,0.48828125,0.8447265625
"305",1,"Antonio Nocerino","ORL",1650000,913,13,1248,0.731570512820513,0.03,0.152598846663677,0.51063829787234,0.485204737949826,0.8394041966532
"244",5,"Chris Tierney","NE",288333.33,832,13,1248,0.666666666666667,0.1,0.318509395209178,0.408163265306123,0.484448440343534,0.838095801794314
"172",22,"Rafael Garcia",NA,165000,473,7,672,0.703869047619048,NA,0.0353563269075115,0.647058823529412,0.480330902018846,0.830972460492604
"149",17,"Mauro Manotas","HOU",431492.16,827,14,1344,0.615327380952381,0.5,0.643778482071292,0.130434782608696,0.47639462045413,0.824162693385644
"435",12,"Latif Blessing","SKC",139383,358,8,768,0.466145833333333,0.64,0.914070874127198,0.102564102564103,0.47390015840558,0.819847274041654
"327",6,"Derrick Jones","PHI",135900,467,8,768,0.608072916666667,0.03,0.0982388499843476,0.675,0.470185602789961,0.813421092826633
"220",10,"Dominic Oduro","MTL",660000,789,11,1056,0.747159090909091,0.26,0.43375369000537,0.17948717948718,0.458188490558354,0.792666088665953
"129",10,"Julian Buescher","DC",174700,144,3,288,0.5,0.31,0.730878445735624,0.177777777777778,0.454328111756701,0.785987633339093
"99",17,"Michael Barrios","DAL",2e+05,791,13,1248,0.633814102564103,0.18,0.586281144778532,0.130434782608696,0.454264662310334,0.785877865796878
"287",2,"Alex Muyl","NYRB",135250,738,14,1344,0.549107142857143,0.34,0.507265281410545,0.307692307692308,0.447499033302013,0.774173327612482
"376",23,"Sebastian Saucedo","RSL",190500,448,8,768,0.583333333333333,0.24,0.415883510240653,0.346938775510204,0.444979666688,0.76981482337024
"396",11,"Jordy Delem","SEA",106008,500,10,960,0.520833333333333,0,0.143450185749702,0.704545454545454,0.441664395987061,0.764079405057615
"397",20,"Will Bruin","SEA",651666.67,527,12,1152,0.457465277777778,0.68,0.801050486608621,0.136363636363636,0.428834412158315,0.741883533033886
"150",9,"Eric Alexander","HOU",393750,608,8,768,0.791666666666667,0.01,0.237306316568748,0.304347826086956,0.428809529602433,0.741840486212209
"198",15,"Justin Davis","MN",169750,283,5,480,0.589583333333333,0,0.165382886542165,0.560975609756098,0.428248863442517,0.740870533755555
"173",12,"Gyasi Zardes","LA",1155000,731,9,864,0.846064814814815,0.2,0.287202411921976,0.215686274509804,0.425476423358369,0.736074212409979
"417",10,"Kofi Sarkodie","SJ",275000,395,6,576,0.685763888888889,0,0.118729966722697,0.5,0.42430266815185,0.7340436159027
"479",21,"Russell Teibert","VAN",320500,374,6,576,0.649305555555556,0.08,0.213541671149182,0.434782608695652,0.420960556704806,0.728261763099314
"263",16,"Mikey Lopez","NYC",150000,265,4,384,0.690104166666667,0,0.14938801228884,0.452380952380952,0.41528326988931,0.718440056908507
"199",11,"Jermaine Taylor","MN",260008,359,7,672,0.53422619047619,0.03,0.140554101395057,0.634146341463415,0.413865266348499,0.715986910782903
"456",4,"Benoit Cheyrou","TOR",130008,345,7,672,0.513392857142857,0.11,0.22970670298778,0.575,0.413130673408905,0.714716064997405
"58",3,"Artur",NA,NA,754,12,1152,0.654513888888889,NA,0,0.628571428571429,0.41140873015873,0.711737103174603
"221",18,"Matteo Mancosu","MTL",1419541.83,634,8,768,0.825520833333333,0.23,0.386965840241656,0.102564102564103,0.404117166326629,0.699122697745068
"418",11,"Marco Urena","SJ",564424.67,1076,15,1440,0.747222222222222,0.23,0.538251445509309,0,0.402193441227789,0.695794653324076
"480",25,"Tony Tchani","VAN",583333.33,597,9,864,0.690972222222222,0.12,0.277425580388292,0.304347826086956,0.401989263501994,0.69544142585845
"398",16,"Roman Torres","SEA",941812.5,376,7,672,0.55952380952381,0.09,0.149585503607899,0.568181818181818,0.401607906239485,0.694781677794308
"436",15,"Saad Abdul-Salaam","SKC",207350,92,3,288,0.319444444444444,0.69,0.889453428543812,0.333333333333333,0.390612437821866,0.675759517431828
"288",19,"Sean Davis","NYRB",237500,619,11,1056,0.586174242424242,0.07,0.178950277548214,0.487179487179487,0.390468110195499,0.675509830638213
"306",18,"Servando Carrasco","ORL",229992,498,9,864,0.576388888888889,0.07,0.246205299114745,0.425531914893617,0.387181866407597,0.669824628885143
"377",12,"Jordan Allen","RSL",356000,113,2,192,0.588541666666667,0.21,0.222439260676264,0.408163265306122,0.371135861645884,0.642065040647379
"100",21,"Tesho Akindele","DAL",207500,741,13,1248,0.59375,0.23,0.422389228152964,0.195652173913043,0.366962082476692,0.634844402684677
"419",4,"Danny Hoesen","SJ",928133,707,15,1440,0.490972222222222,0.4,0.55946288661969,0.166666666666667,0.356509440398232,0.616761331888941
"130",18,"Patrick Mullins","DC",258250,401,8,768,0.522135416666667,0.39,0.476626422637275,0.2,0.353290619111389,0.611192771062704
"457",22,"Tsubasa Endoh",NA,108150,85,1,96,0.885416666666667,NA,0.0381532524189617,0.35,0.343677358912622,0.594561830918837
"59",5,"Ethan Finlay","CLB",580000,878,13,1248,0.703525641025641,0.13,0.259103621751139,0.228571428571429,0.343091902390396,0.593548991135385
"399",14,"Oniel Fisher","SEA",131250,387,7,672,0.575892857142857,0.03,0.138036403232892,0.454545454545455,0.341263659166994,0.5903861303589
"351",20,"Victor Arboleda","POR",130000.08,27,1,96,0.28125,1.33,1,0.210526315789474,0.340460526315789,0.588996710526316
"307",6,"Giles Barnes","ORL",1506250,801,15,1440,0.55625,0.24,0.376779012880782,0.234042553191489,0.339769496127701,0.587801228300923
"200",19,"Miguel Ibarra","MN",612330,714,12,1152,0.619791666666667,0.11,0.447331957537526,0.0975609756097561,0.337720099190242,0.584255771599119
"151",15,"Kevin Garcia","HOU",131266.8,121,2,192,0.630208333333333,0,0.206964885768196,0.326086956521739,0.335933713109803,0.581165323679959
"264",17,"RJ Allen","NYC",201666.83,252,5,480,0.525,0,0.136678854083832,0.5,0.334256398394012,0.57826356922164
"101",2,"Atiba Harris","DAL",310008,565,12,1152,0.490451388888889,0.03,0.106873109298508,0.565217391304348,0.329627719479699,0.57025595469988
"131",22,"Sebastien Le Toux","DC",265008,534,11,1056,0.505681818181818,0.12,0.468948378500841,0.177777777777778,0.32703765857271,0.565775149330789
"328",9,"Fabrice-Jean Picault","PHI",NA,584,11,1056,0.553030303030303,0.32,0.3111792107892,0.275,0.324174866572815,0.56082251917097
"152",6,"Boniek Garcia","HOU",472500,551,11,1056,0.521780303030303,0.04,0.334909088173812,0.282608695652174,0.322208616371324,0.55742090632239
"308",3,"Cristian Higuita","ORL",3e+05,800,15,1440,0.555555555555556,0.03,0.231613748663882,0.340425531914894,0.317799600321542,0.549793308556268
"102",18,"Paxton Pomykal","DAL",145000,140,2,192,0.729166666666667,0.07,0.196304142560752,0.239130434782609,0.317504379312867,0.54928257621126
"309",13,"Luis Gil","ORL",288000,470,11,1056,0.445075757575758,0.11,0.26396570195278,0.446808510638298,0.316348371134286,0.547282682062315
"329",12,"Ilsinho",NA,NA,705,10,960,0.734375,NA,0.0279863502099115,0.4,0.314302475935404,0.543743283368249
"458",2,"Armando Cooper","TOR",391333.33,605,11,1056,0.572916666666667,0.04,0.171784455744878,0.375,0.313261927770503,0.541943135042971
"81",1,"Alan Gordon","COL",360000,331,8,768,0.430989583333333,0.25,0.612723656173258,0.1,0.307176471605922,0.531415295878246
"103",9,"Javier Morales","DAL",615000,325,6,576,0.564236111111111,0.18,0.341695886522922,0.195652173913043,0.303191179933487,0.524520741284933
"201",21,"Rasmus Schuller","MN",425008,314,6,576,0.545138888888889,0.03,0.150392424520065,0.390243902439024,0.294721886571448,0.509868863768605
"222",1,"Adrian Arregui","MTL",530976.67,239,6,576,0.414930555555556,0,0.168459242601693,0.538461538461539,0.293323032420334,0.507448846087178
"265",7,"Frederic Brillant","NYC",NA,219,6,576,0.380208333333333,0.05,0.122124319423998,0.642857142857143,0.290852326804809,0.503174525372319
"437",18,"Soony Saad","SKC",130008,327,9,864,0.378472222222222,0.3,0.614638105245613,0.153846153846154,0.290849945281259,0.503170405336578
"459",9,"Jason Hernandez",NA,130008,136,2,192,0.708333333333333,NA,0.0072591547037815,0.4,0.288475234581845,0.499062155826592
"378",21,"Reagan Dunk",NA,106008,174,3,288,0.604166666666667,NA,0.00666323308454455,0.469387755102041,0.287614138696062,0.497572459944187
"60",14,"Mohammed Abu","CLB",336250,601,10,960,0.626041666666667,0.02,0.12941087114957,0.314285714285714,0.277772549840215,0.480546511223571
"223",8,"Daniel Lovitz","MTL",157500,246,7,672,0.366071428571429,0.1,0.191217968669186,0.564102564102564,0.276501266461087,0.47834719097768
"266",22,"Thomas McNamara","NYC",370000.08,453,12,1152,0.393229166666667,0.28,0.393102726550399,0.30952380952381,0.276293247258348,0.477987317756941
"481",16,"Marcel de Jong","VAN",280000,92,3,288,0.319444444444444,0.04,0.220766071404513,0.630434782608696,0.271911383920886,0.470406694183133
"420",16,"Tommy Thompson","SJ",305000,487,13,1248,0.390224358974359,0.17,0.478211631887308,0.214285714285714,0.270229333001812,0.467496746093135
"174",7,"Clement Diop",NA,131250,450,5,480,0.9375,NA,0.0277822243869632,0.254901960784314,0.265016423598072,0.458478412824665
"400",2,"Brad Evans","SEA",638501.25,259,6,576,0.449652777777778,0,0.108402695426419,0.477272727272727,0.263350580692845,0.455596504598622
"482",9,"Erik Hurtado","VAN",256250,182,4,384,0.473958333333333,0.17,0.400985512888718,0.152173913043478,0.262174519582447,0.453561918877634
"132",9,"Jose Guillermo Ortiz","DC",267617,496,11,1056,0.46969696969697,0.23,0.416806688643137,0.133333333333333,0.258399101231372,0.447030445130274
"153",4,"Alex",NA,NA,1226,15,1440,0.851388888888889,NA,0.0395460317601726,0.260869565217391,0.25577050131562,0.442482967276023
"401",1,"Aaron Kovar","SEA",132500,36,1,96,0.375,0.09,0.314934147392021,0.340909090909091,0.245941214362917,0.425478300847846
"352",4,"Dairon Asprilla","POR",276000,463,10,960,0.482291666666667,0.14,0.192066393986684,0.31578947368421,0.244934652845442,0.423736949422614
"460",21,"Tosaint Ricketts","TOR",373166.67,545,12,1152,0.473090277777778,0.36,0.407855242491368,0.1,0.240261377741142,0.415652183492176
"353",13,"Jeff Attinella",NA,205083.33,270,3,288,0.9375,NA,0.0149202878873971,0.236842105263158,0.236027243578645,0.408327131391056
"330",3,"Andre Blake",NA,335000,1260,14,1344,0.9375,NA,0.017272209435772,0.225,0.227130196346036,0.392935239678643
"175",3,"Baggio Husidic","LA",350000,394,8,768,0.513020833333333,0.02,0.0880275007841151,0.352941176470588,0.226226118279106,0.391371184622853
"104",22,"Victor Ulloa","DAL",302500,303,6,576,0.526041666666667,0.06,0.256114735271801,0.173913043478261,0.226212529446647,0.391347675942699
"224",3,"Anthony Jackson-Hamel","MTL",132300,295,8,768,0.384114583333333,0.33,0.582556329896927,0,0.223768381926554,0.387119300732938
"105",6,"Cristian Colman","DAL",685000,497,11,1056,0.470643939393939,0.31,0.387396680379741,0.0869565217391305,0.223251459709355,0.386225025297184
"379",4,"Chad Barrett","RSL",204000,65,3,288,0.225694444444444,0.55,0.974513575788255,0,0.219942300091099,0.380500179157602
"106",8,"Jacori Hayes",NA,137500.08,46,1,96,0.479166666666667,NA,0.0212271332956811,0.434782608695652,0.218504668037514,0.378013075704899
"36",15,"Jorge Bava",NA,NA,720,8,768,0.9375,NA,0.0218606360148937,0.209302325581395,0.216715276496521,0.374917428338981
"354",12,"Jake Gleeson",NA,225166.67,990,11,1056,0.9375,NA,0.0184578515796805,0.210526315789474,0.214672656908582,0.371383696451847
"107",3,"Carlos Cermeno","DAL",243000,187,4,384,0.486979166666667,0.04,0.113831471375553,0.326086956521739,0.214231109418734,0.370619819294409
"461",10,"Jay Chapman","TOR",198500,175,4,384,0.455729166666667,0.08,0.180876652222029,0.275,0.207756286819935,0.359418376198487
"225",11,"Evan Bush",NA,273500,1080,12,1152,0.9375,NA,0.04077369875922,0.17948717948718,0.206494573356,0.357235611905879
"82",24,"Zac MacMath","COL",3e+05,450,5,480,0.9375,0,0.118196313452118,0.1,0.20455904386136,0.353887145880153
"355",2,"Amobi Okugo","POR",252945.5,144,4,384,0.375,0,0.0690649339267547,0.473684210526316,0.203530929169901,0.352108507463929
"356",3,"Ben Zemanski","POR",214000,51,1,96,0.53125,0.04,0.143218865783767,0.236842105263158,0.201907390868679,0.349299786202814
"483",1,"Alphonso Davies","VAN",130000,501,11,1056,0.474431818181818,0.11,0.22234759402135,0.195652173913043,0.198312389900692,0.343080434528198
"108",11,"Jesus Ferreira","DAL",106000,19,1,96,0.197916666666667,1.39,1,0,0.197916666666667,0.342395833333333
"226",6,"Calum Mallace","MTL",246250,146,3,288,0.506944444444444,0.07,0.126958910600844,0.256410256410256,0.194346869387572,0.336220084040499
"37",14,"Jonathan Campbell","CHI",211625,296,8,768,0.385416666666667,0,0.0837622601168512,0.418604651162791,0.193620580389029,0.33496360407302
"109",10,"Jesse Gonzalez",NA,179375,900,10,960,0.9375,NA,0.0306652654875567,0.173913043478261,0.191792164655454,0.331800444853935
"331",7,"Fabian Herbers","PHI",245500,396,12,1152,0.34375,0.18,0.291599348644354,0.25,0.186174776096497,0.32208236264694
"332",21,"Roland Alberg","PHI",739250,355,9,864,0.41087962962963,0.42,0.302794927967962,0.15,0.186044212301651,0.321856487281856
"438",7,"Igor Juliao","SKC",215016,46,1,96,0.479166666666667,0.12,0.234302252426273,0.153846153846154,0.185987778005538,0.321758855949581
"83",11,"Joshua Gatt","COL",368516,150,5,480,0.3125,0.07,0.443367056850742,0.15,0.185427205265857,0.320789065109932
"402",17,"Seyi Adekoya","SEA",106008,77,2,192,0.401041666666667,0.59,0.456486718220677,0,0.183070194286417,0.316711436115502
"439",19,"Tim Melia","SKC",332500,1350,15,1440,0.9375,0,0.0878119863949293,0.102564102564103,0.178477583399092,0.30876621928043
"13",10,"Jacob Peterson","ATL",330600,92,3,288,0.319444444444444,0.57,0.499510721643921,0.0476190476190476,0.174777565181226,0.302365187763521
"380",20,"Omar Holness","RSL",243500,261,9,864,0.302083333333333,0.24,0.373593438926204,0.204081632653061,0.174506011206236,0.301895399386789
"333",22,"Warren Creavalle",NA,263000,111,4,384,0.2890625,NA,0.0163330081823132,0.575,0.1709321976777,0.295712701982421
"310",8,"Joe Bendik",NA,339083.4,1350,15,1440,0.9375,NA,0.0324483796223101,0.148936170212766,0.170048015470384,0.294183066763764
"61",13,"Kekuta Manneh","CLB",307250,240,5,480,0.5,0.09,0.0521404446721809,0.285714285714286,0.168927365193233,0.292244341784294
"38",1,"Arturo Alvarez","CHI",277500,276,9,864,0.319444444444444,0.12,0.291804457267217,0.232558139534884,0.167504718422893,0.289783162871606
"403",21,"lvaro Fernandez",NA,NA,492,10,960,0.5125,NA,0,0.318181818181818,0.163068181818182,0.282107954545454
"462",6,"Clint Irwin",NA,411320.7,310,4,384,0.807291666666667,NA,0,0.2,0.161458333333333,0.279322916666667
"289",10,"Fredrik Gulbrandsen","NYRB",720000,365,12,1152,0.316840277777778,0.33,0.506783252818657,0,0.160569346596189,0.277784969611407
"484",19,"Nicolas Mezquida","VAN",240000,271,10,960,0.282291666666667,0.08,0.413565365781319,0.152173913043478,0.15970348391825,0.276287027178573
"133",25,"Travis Worra",NA,131250,90,1,96,0.9375,NA,0.0147315910431283,0.155555555555556,0.159644199936266,0.27618446588974
"381",16,"Luis Silva","RSL",408674.67,557,14,1344,0.414434523809524,0.19,0.299986513496241,0.0816326530612245,0.158156157568831,0.273610152594077
"463",11,"Jonathan Osorio","TOR",391999.63,473,13,1248,0.37900641025641,0.09,0.263707292102862,0.15,0.156797715676806,0.271260048120874
"14",14,"Kenwyne Jones","ATL",803333.33,417,12,1152,0.361979166666667,0.24,0.306562447443285,0.119047619047619,0.154061977193322,0.266527220544447
"245",4,"Brad Knighton",NA,201820.5,90,1,96,0.9375,NA,0,0.163265306122449,0.153061224489796,0.264795918367347
"485",23,"Spencer Richey",NA,130008,90,1,96,0.9375,NA,0.0296112951065,0.130434782608696,0.150043197857996,0.259574732294333
"15",1,"Alec Kann",NA,154008,1170,13,1248,0.9375,NA,0.0392406250588333,0.119047619047619,0.148395228849799,0.256723745910152
"134",20,"Rob Vincent","DC",131266.8,66,2,192,0.34375,0.03,0.0971931109323962,0.333333333333333,0.147993465216345,0.256028694824276
"202",1,"Abu Danladi","MN",301000.08,331,10,960,0.344791666666667,0.25,0.346432598222916,0.073170731707317,0.144675731465528,0.250289015435364
"84",3,"Bismark Boateng","COL",NA,113,3,288,0.392361111111111,0,0.0935364593870607,0.275,0.144599374690062,0.250156918213807
"85",21,"Sam Hamilton",NA,130008,108,2,192,0.5625,NA,0.00558636947441679,0.25,0.143767332829359,0.248717485794792
"39",10,"Drew Conner","CHI",131250,287,8,768,0.373697916666667,0.01,0.142805137951513,0.232558139534884,0.140272474789838,0.24267138138642
"486",4,"Brek Shea","VAN",1295000,184,7,672,0.273809523809524,0.21,0.440043405066367,0.0652173913043478,0.138345218053886,0.239337227233223
"246",7,"Daigo Kobayashi","NE",146992,362,8,768,0.471354166666667,0.07,0.130199095036865,0.163265306122449,0.138325668254781,0.239303406080771
"464",1,"Alexander Bono","TOR",NA,1040,12,1152,0.902777777777778,0,0.0531764073338092,0.1,0.1382842566208,0.239231763953984
"404",13,"Nouhou Tolo","SEA",105999.84,42,2,192,0.21875,0,0.214687479856679,0.409090909090909,0.136451522582285,0.236061134067353
"135",2,"Bill Hamid",NA,745500,1170,13,1248,0.9375,NA,0.011826308867605,0.133333333333333,0.13608716456338,0.235430794694647
"86",5,"Caleb Calvert","COL",207500,207,6,576,0.359375,0.08,0.203349453587166,0.175,0.135969334882888,0.235226949347396
"487",13,"Kekuta Manneh","CLB",307250,136,3,288,0.472222222222222,0.09,0.132422027158464,0.152173913043478,0.134392527317584,0.23249907225942
"357",6,"Darren Mattocks","POR",616666.67,279,10,960,0.290625,0.36,0.303768785917186,0.157894736842105,0.134170961301919,0.23211576305232
"176",6,"Brian Rowe",NA,240000,630,7,672,0.9375,NA,0.0237089382822884,0.117647058823529,0.132521247286704,0.229261757805998
"405",18,"Stefan Frei",NA,506250,1350,15,1440,0.9375,NA,0.00498614361628955,0.136363636363636,0.132515418731181,0.229251674404942
"488",8,"David Ousted",NA,738933.33,1013,12,1152,0.879340277777778,NA,0.0418964292202847,0.108695652173913,0.132421682684308,0.229089511043852
"267",20,"Sean Johnson",NA,440016,1350,15,1440,0.9375,NA,0.0458182764767678,0.0952380952380952,0.132240348482684,0.228775802875043
"62",16,"Niko Hansen","CLB",NA,367,12,1152,0.318576388888889,0.21,0.412425714492504,0,0.131389094807942,0.227303134017739
"110",5,"Chris Seitz",NA,306000,270,3,288,0.9375,NA,0.0295639575288148,0.108695652173913,0.129618384096307,0.224239804486612
"154",5,"Andrew Wenger","HOU",420000,344,11,1056,0.325757575757576,0.15,0.216897191456463,0.173913043478261,0.127309394713584,0.220245252854501
"421",15,"Simon Dawkins","SJ",1600000,539,11,1056,0.510416666666667,0.12,0.219822786497076,0.0238095238095238,0.124353991718993,0.215132405673859
"247",11,"Je-Vaughn Watson","NE",305666.67,253,9,864,0.292824074074074,0.03,0.156406035425171,0.26530612244898,0.123487472155278,0.213633326828631
"440",17,"Soni Mustivar","SKC",4e+05,186,11,1056,0.176136363636364,0,0.244644760794433,0.41025641025641,0.115351910810092,0.199558805701459
"136",5,"Chris Odoi-Atsem",NA,137500.08,97,3,288,0.336805555555556,NA,0,0.333333333333333,0.112268518518519,0.194224537037037
"268",21,"Sean Okoli","NYC",105999.84,210,7,672,0.3125,0.3,0.267482889111489,0.0714285714285714,0.105909831418769,0.18322400835447
"382",22,"Ricardo Velazco","RSL",131266.8,239,7,672,0.355654761904762,0.08,0.153572313826366,0.142857142857143,0.105426547838331,0.182387927760313
"203",2,"Bashkim Kadrii","MN",552100,360,8,768,0.46875,0.14,0.170454281104778,0.048780487804878,0.102766297926401,0.177785695412674
"489",20,"Paolo Tornaghi",NA,160000,65,1,96,0.677083333333333,NA,0.0207042175384648,0.130434782608696,0.102333698016307,0.17703729756821
"290",16,"Mike Grella","NYRB",374250,362,8,768,0.471354166666667,0.06,0.135350348300752,0.0769230769230769,0.100055963451857,0.173096816771713
"291",8,"Derrick Etienne","NYRB",111000,376,9,864,0.435185185185185,0.16,0.228644972395368,0,0.0995029046535399,0.172140025050624
"292",14,"Luis Robles",NA,582500,1350,15,1440,0.9375,NA,0,0.102564102564103,0.0961538461538461,0.166346153846154
"16",4,"Brandon Vazquez","ATL",220016,26,3,288,0.0902777777777778,1.16,1,0.0476190476190476,0.0945767195767196,0.163617724867725
"87",7,"Dillon Serna","COL",158200,108,6,576,0.1875,0.15,0.451869439990432,0.05,0.094100519998206,0.162793899596896
"269",15,"Miguel Camargo","NYC",208249.92,176,8,768,0.229166666666667,0.11,0.150947947526275,0.238095238095238,0.0891557300382635,0.154239412966196
"465",12,"Jordan Hamilton","TOR",151415,53,3,288,0.184027777777778,0.29,0.378969322619128,0.075,0.0835429656208812,0.144529330524125
"155",12,"Joe Willis",NA,212625,630,7,672,0.9375,NA,0.000951496133056425,0.0869565217391304,0.0824137667551752,0.142575816486453
"466",3,"Ben Spencer","TOR",NA,60,1,96,0.625,0,0.126518176503399,0,0.0790738603146247,0.136797778344301
"334",14,"Jay Simpson","PHI",973333.33,253,9,864,0.292824074074074,0.18,0.205272771502392,0.05,0.0747500129515106,0.129317522406113
"177",13,"Jack McBean","LA",131250,276,8,768,0.359375,0.06,0.0882086736123768,0.117647058823529,0.0739794038441538,0.127984368650386
"335",17,"Marcus Epps","PHI",106008,7,1,96,0.0729166666666667,0,1,0,0.0729166666666667,0.126145833333333
"406",8,"Henry Wingo","SEA",106008,86,7,672,0.12797619047619,0.03,0.402623539049486,0.159090909090909,0.0718860752084434,0.124362910110607
"204",7,"Collin Martin","MN",169992,38,2,192,0.197916666666667,0.31,0.262968122599698,0.0975609756097561,0.0713547173539544,0.123443661022341
"248",9,"Femi Hollinger-Janzen","NE",108150,115,8,768,0.149739583333333,0.38,0.429386962716741,0.0408163265306123,0.0704080446138614,0.12180591718198
"17",3,"Anton Walkes",NA,106008,66,3,288,0.229166666666667,NA,0.00753959986442134,0.285714285714286,0.0672040154451203,0.116262946720058
"249",19,"Teal Bunbury","NE",475000,116,9,864,0.134259259259259,0.75,0.490160958894394,0,0.0658086472589696,0.113848959758017
"18",6,"Chris McCann","ATL",1108000,162,8,768,0.2109375,0.05,0.216469984631872,0.0952380952380952,0.0657509230975713,0.113749096958798
"156",21,"Tyler Deric",NA,370000,720,8,768,0.9375,NA,0.0020671885014633,0.0652173913043478,0.0630792935679479,0.10912717787255
"250",6,"Cody Cropper",NA,131250,1260,14,1344,0.9375,NA,0.00551885733479926,0.0612244897959184,0.0625718879350478,0.108249366127633
"383",13,"Jose Hernandez","RSL",109383,155,6,576,0.269097222222222,0.07,0.143311892488166,0.0816326530612245,0.0605319523613811,0.104720277585189
"441",3,"Daniel Salloi","SKC",106000,58,7,672,0.0863095238095238,0.55,0.640131936903664,0.0256410256410256,0.0574625473624881,0.0994102069371045
"270",10,"Jonathan Lewis","NYC",195500.08,23,2,192,0.119791666666667,0,0.279448033023315,0.166666666666667,0.0534408234003624,0.092452624482627
"311",11,"Kaka",NA,NA,347,8,768,0.451822916666667,NA,0.0305351308418362,0.0851063829787234,0.0522494860621539,0.0903916108875263
"384",18,"Matt Van Oekel",NA,192000,572,7,672,0.851190476190476,NA,0,0.0612244897959184,0.0521137026239067,0.0901567055393586
"205",3,"Bobby Shuttleworth","MN",326875,1040,13,1248,0.833333333333333,0.01,0.062073307281628,0,0.0517277560680233,0.0894890179976803
"312",16,"Rafael Ramos",NA,201600,26,1,96,0.270833333333333,NA,0.0184418656549744,0.170212765957447,0.0510939627283641,0.0883925555200698
"19",15,"Kevin Kratz","ATL",314250,74,6,576,0.128472222222222,0.08,0.272971985999927,0.119047619047619,0.0503636298151361,0.0871290795801855
"63",20,"Zack Steffen","CLB",210000,1440,16,1536,0.9375,0,0.0228365178003358,0.0285714285714286,0.0481949497235291,0.0833772630217053
"442",2,"Cameron Porter","SKC",182500,21,1,96,0.21875,0.23,0.215208253895579,0,0.047076805539658,0.0814428735836084
"40",18,"Matt Lampson",NA,157375,540,6,576,0.9375,NA,0.0262092369052241,0.0232558139534884,0.0463734851800429,0.0802261293614742
"178",20,"Jose Villarreal","LA",210000,83,4,384,0.216145833333333,0.1,0.0735744975095331,0.137254901960784,0.045569896239678,0.0788359204946429
"137",1,"Alhaji Kamara","DC",168250,14,1,96,0.145833333333333,0.3,0.309186624985842,0,0.0450897161437687,0.0780052089287198
"179",4,"Bradford Jamieson","LA",132300,53,4,384,0.138020833333333,0.26,0.188590479606307,0.137254901960784,0.0449734511017078,0.0778040704059546
"422",6,"David Bingham",NA,387750,1350,15,1440,0.9375,NA,0,0.0476190476190476,0.0446428571428572,0.0772321428571429
"490",18,"Mauro Rosales","VAN",130008,36,3,288,0.125,0,0.318734391306794,0.0217391304347826,0.042559190217697,0.0736273990766159
"180",1,"Ariel Lassiter","LA",108150,4,1,96,0.0416666666666667,1.79,1,0,0.0416666666666667,0.0720833333333333
"313",20,"Tony Rocha","ORL",131241.6,20,2,192,0.104166666666667,0,0.295662753929929,0.0425531914893617,0.0352308276478427,0.0609493318307679
"157",22,"Vicente Sanchez","HOU",130008,179,9,864,0.207175925925926,0.15,0.169706196635322,0,0.0351590384232901,0.0608251364722919
"206",10,"Ismaila Jome","MN",132841.33,158,5,480,0.329166666666667,0,0.0755749545249389,0.024390243902439,0.0329052111490119,0.0569260152877905
"336",1,"Adam Najem",NA,130000.08,19,1,96,0.197916666666667,NA,0.0127836515542646,0.15,0.0322175977034482,0.0557364440269654
"181",14,"Jack McInerney","LA",650000,54,3,288,0.1875,0.04,0.0401496816011116,0.117647058823529,0.0295868888296202,0.0511853176752429
"41",5,"Daniel Johnson","CHI",130008,92,6,576,0.159722222222222,0.14,0.120908548509049,0.0465116279069767,0.0267407226220041,0.0462614501360671
"385",19,"Nick Rimando",NA,920000,868,10,960,0.904166666666667,NA,0.00852334500468096,0.0204081632653061,0.0261589053941133,0.045254906331816
"42",9,"Djordje Mihailovic","CHI",160000.08,34,3,288,0.118055555555556,0.08,0.102143571728852,0.116279069767442,0.0257860062877569,0.0446097908778195
"227",23,"Wandrille Lefevre",NA,199499.84,13,2,192,0.0677083333333333,NA,0.00327543436277039,0.358974358974359,0.0245273297572015,0.0424322804799585
"358",11,"Jack Barmby","POR",130008,62,6,576,0.107638888888889,0.25,0.22198154124859,0,0.0238938464538412,0.0413363543651454
"158",18,"Memo Rodriguez","HOU",106008,40,3,288,0.138888888888889,0.06,0.110530260794425,0.0434782608695652,0.0213900724533319,0.0370048253442642
"271",11,"Khiry Shelton",NA,203400,62,4,384,0.161458333333333,NA,0.00664714690809835,0.119047619047619,0.0202944674199335,0.035109428636485
"182",23,"Raul Mendiola",NA,131250,14,1,96,0.145833333333333,NA,0.000455737042760721,0.137254901960784,0.0200828015213503,0.0347432466319361
"64",1,"Adam Jahn","CLB",185000,219,11,1056,0.207386363636364,0.11,0.0377743525815155,0.0571428571428571,0.0196845349712477,0.0340542455002586
"423",14,"Shea Salinas","SJ",370000,149,7,672,0.22172619047619,0.07,0.0881461892789188,0,0.0195443187538079,0.0338116714440876
"293",11,"Gonzalo Veron","NYRB",1e+06,125,5,480,0.260416666666667,0.03,0.0477520160951203,0.0256410256410256,0.0191127712854547,0.0330650943238366
"20",20,"Mikey Ambrose",NA,131250,17,1,96,0.177083333333333,NA,0.0113684109616806,0.0952380952380952,0.018878235472877,0.0326593473680771
"207",14,"John Alvbage",NA,477746,221,3,288,0.767361111111111,NA,0,0.024390243902439,0.0187161246612466,0.0323788956639566
"314",7,"Hadji Barry","ORL",142062.5,11,3,288,0.0381944444444444,0.36,0.294627749819727,0.191489361702128,0.0185669730095153,0.0321208633064615
"43",4,"Brandt Bronico",NA,130008,29,2,192,0.151041666666667,NA,0,0.116279069767442,0.017562984496124,0.0303839631782946
"228",9,"David Choiniere",NA,108150,5,1,96,0.0520833333333333,NA,0.00218362290851359,0.282051282051282,0.0148039012999894,0.0256107492489816
"88",23,"Tim Howard",NA,4475000,720,8,768,0.9375,NA,0.0142714616024216,0,0.0133794952522703,0.0231465267864276
"229",20,"Nick DePuy",NA,NA,19,2,192,0.0989583333333333,NA,0,0.128205128205128,0.0126869658119658,0.0219484508547009
"44",7,"David Arshakyan","CHI",334850,16,3,288,0.0555555555555556,0.29,0.201734526466586,0,0.0112074736925881,0.0193889294881774
"183",19,"Jon Kempin",NA,NA,90,1,96,0.9375,NA,0.0106127855842891,0,0.00994948648527104,0.0172126116195189
"272",9,"John Stertzer","NYC",130000,39,3,288,0.135416666666667,0,0.0606941784057573,0,0.00821900332577963,0.0142188757535988
"159",13,"Joseph Holland",NA,106008,12,1,96,0.125,NA,0,0.0434782608695652,0.00543478260869565,0.00940217391304348
"111",14,"Mauro Diaz",NA,1664890,38,2,192,0.197916666666667,NA,0.0270099627608582,0,0.00534572179641986,0.00924809870780635
"230",19,"Michael Salazar",NA,108150,33,2,192,0.171875,NA,0.00218034747415082,0.0256410256410256,0.00478179850417095,0.00827251141221575
"273",12,"Kwame Awuah",NA,106008,1,1,96,0.0104166666666667,NA,0,0.142857142857143,0.00148809523809524,0.00257440476190476
"21",8,"Harrison Heath",NA,132300,1,1,96,0.0104166666666667,NA,0,0.119047619047619,0.00124007936507937,0.0021453373015873
"184",15,"Jaime Villarreal",NA,106008,14,3,288,0.0486111111111111,NA,0,0.0196078431372549,0.000953159041394335,0.0016489651416122
"22",2,"Andrew Carleton",NA,142400,4,1,96,0.0416666666666667,NA,1.89441942370938e-06,0,7.89341426545576e-08,1.36556066792385e-07
"112",20,"Ryan Hollingshead",NA,265000,5,3,288,0.0173611111111111,NA,0,0,0,0
"315",15,"Pierre Da Silva",NA,106008,1,1,96,0.0104166666666667,NA,0,0,0,0
"337",15,"Joshua Yaro",NA,324000,19,1,96,0.197916666666667,NA,0,0,0,0
"359",14,"Jeremy Ebobisse",NA,303000,7,1,96,0.0729166666666667,NA,0,0,0,0
"443",20,"Tyler Pasher",NA,106000,46,1,96,0.479166666666667,NA,0,0,0,0
"491",15,"Kyle Greig",NA,131853,2,1,96,0.0208333333333333,NA,0,0,0,0
